scenario,step,lane_id,queue_length,waiting_time,vehicle_count,throughput,signal_phase,emergency_count,accident_alert
normal,0,north,0,0,4,4,north,0,False
normal,0,east,4,12,4,0,north,0,False
normal,0,south,3,9,3,0,north,0,False
normal,0,west,3,9,3,0,north,0,False
normal,1,north,2,6,2,0,east,0,False
normal,1,east,0,0,1,5,east,0,False
normal,1,south,7,21,4,0,east,0,False
normal,1,west,6,18,3,0,east,0,False
normal,2,north,6,18,4,0,south,0,False
normal,2,east,3,9,3,0,south,0,False
normal,2,south,3,9,1,5,south,0,False
normal,2,west,7,21,1,0,south,0,False
normal,3,north,6,18,0,0,west,0,False
normal,3,east,5,15,2,0,west,0,False
normal,3,south,8,24,5,0,west,0,False
normal,3,west,4,12,2,5,west,0,False
normal,4,north,8,24,2,0,south,0,False
normal,4,east,5,15,0,0,south,0,False
normal,4,south,3,9,0,5,south,0,False
normal,4,west,4,12,0,0,south,0,False
normal,5,north,7,21,4,5,north,0,False
normal,5,east,8,24,3,0,north,0,False
normal,5,south,8,24,5,0,north,0,False
normal,5,west,7,21,3,0,north,0,False
normal,6,north,7,21,0,0,south,0,False
normal,6,east,10,30,2,0,south,0,False
normal,6,south,4,12,1,5,south,0,False
normal,6,west,9,27,2,0,south,0,False
normal,7,north,7,21,0,0,east,0,False
normal,7,east,7,21,2,5,east,0,False
normal,7,south,5,15,1,0,east,0,False
normal,7,west,13,39,4,0,east,0,False
normal,8,north,8,24,1,0,west,0,False
normal,8,east,9,27,2,0,west,0,False
normal,8,south,6,18,1,0,west,0,False
normal,8,west,11,33,3,5,west,0,False
normal,9,north,10,30,2,0,west,0,False
normal,9,east,10,30,1,0,west,0,False
normal,9,south,8,24,2,0,west,0,False
normal,9,west,8,24,2,5,west,0,False
normal,10,north,7,21,2,5,north,0,False
normal,10,east,10,30,0,0,north,0,False
normal,10,south,12,36,4,0,north,0,False
normal,10,west,8,24,0,0,north,0,False
normal,11,north,12,36,5,0,south,0,False
normal,11,east,13,39,3,0,south,0,False
normal,11,south,10,30,3,5,south,0,False
normal,11,west,11,33,3,0,south,0,False
normal,12,north,14,42,2,0,east,0,False
normal,12,east,9,27,1,5,east,0,False
normal,12,south,13,39,3,0,east,0,False
normal,12,west,11,33,0,0,east,0,False
normal,13,north,12,36,3,5,north,0,False
normal,13,east,10,30,1,0,north,0,False
normal,13,south,16,48,3,0,north,0,False
normal,13,west,13,39,2,0,north,0,False
normal,14,north,12,36,0,0,south,0,False
normal,14,east,11,33,1,0,south,0,False
normal,14,south,14,42,3,5,south,0,False
normal,14,west,15,45,2,0,south,0,False
normal,15,north,12,36,0,0,west,0,False
normal,15,east,12,36,1,0,west,0,False
normal,15,south,17,51,3,0,west,0,False
normal,15,west,11,33,1,5,west,0,False
normal,16,north,17,51,5,0,south,0,False
normal,16,east,13,39,1,0,south,0,False
normal,16,south,16,48,4,5,south,0,False
normal,16,west,14,42,3,0,south,0,False
normal,17,north,14,42,2,5,north,0,False
normal,17,east,17,51,4,0,north,0,False
normal,17,south,20,60,4,0,north,0,False
normal,17,west,15,45,1,0,north,0,False
normal,18,north,14,42,0,0,south,0,False
normal,18,east,20,60,3,0,south,0,False
normal,18,south,17,51,2,5,south,0,False
normal,18,west,16,48,1,0,south,0,False
normal,19,north,14,42,0,0,east,0,False
normal,19,east,16,48,1,5,east,0,False
normal,19,south,23,69,6,0,east,0,False
normal,19,west,17,51,1,0,east,0,False
normal,20,north,15,45,1,0,south,0,False
normal,20,east,17,51,1,0,south,0,False
normal,20,south,19,57,1,5,south,0,False
normal,20,west,18,54,1,0,south,0,False
normal,21,north,17,51,2,0,south,0,False
normal,21,east,18,54,1,0,south,0,False
normal,21,south,15,45,1,5,south,0,False
normal,21,west,18,54,0,0,south,0,False
normal,22,north,21,63,4,0,east,0,False
normal,22,east,13,39,0,5,east,0,False
normal,22,south,15,45,0,0,east,0,False
normal,22,west,18,54,0,0,east,0,False
normal,23,north,16,48,0,5,north,0,False
normal,23,east,16,48,3,0,north,0,False
normal,23,south,19,57,4,0,north,0,False
normal,23,west,18,54,0,0,north,0,False
normal,24,north,17,51,1,0,south,0,False
normal,24,east,17,51,1,0,south,0,False
normal,24,south,16,48,2,5,south,0,False
normal,24,west,18,54,0,0,south,0,False
normal,25,north,20,60,3,0,west,0,False
normal,25,east,18,54,1,0,west,0,False
normal,25,south,19,57,3,0,west,0,False
normal,25,west,14,42,1,5,west,0,False
normal,26,north,17,51,2,5,north,0,False
normal,26,east,20,60,2,0,north,0,False
normal,26,south,22,66,3,0,north,0,False
normal,26,west,14,42,0,0,north,0,False
normal,27,north,20,60,3,0,south,0,False
normal,27,east,21,63,1,0,south,0,False
normal,27,south,19,57,2,5,south,0,False
normal,27,west,17,51,3,0,south,0,False
normal,28,north,23,69,3,0,east,0,False
normal,28,east,17,51,1,5,east,0,False
normal,28,south,22,66,3,0,east,0,False
normal,28,west,19,57,2,0,east,0,False
normal,29,north,23,69,5,5,north,0,False
normal,29,east,18,54,1,0,north,0,False
normal,29,south,23,69,1,0,north,0,False
normal,29,west,21,63,2,0,north,0,False
normal,30,north,24,72,1,0,south,0,False
normal,30,east,19,57,1,0,south,0,False
normal,30,south,19,57,1,5,south,0,False
normal,30,west,22,66,1,0,south,0,False
normal,31,north,20,60,1,5,north,0,False
normal,31,east,21,63,2,0,north,0,False
normal,31,south,20,60,1,0,north,0,False
normal,31,west,22,66,0,0,north,0,False
normal,32,north,23,69,3,0,west,0,False
normal,32,east,21,63,0,0,west,0,False
normal,32,south,20,60,0,0,west,0,False
normal,32,west,19,57,2,5,west,0,False
normal,33,north,19,57,1,5,north,0,False
normal,33,east,21,63,0,0,north,0,False
normal,33,south,21,63,1,0,north,0,False
normal,33,west,21,63,2,0,north,0,False
normal,34,north,20,60,1,0,south,0,False
normal,34,east,24,72,3,0,south,0,False
normal,34,south,16,48,0,5,south,0,False
normal,34,west,23,69,2,0,south,0,False
normal,35,north,23,69,3,0,east,0,False
normal,35,east,19,57,0,5,east,0,False
normal,35,south,19,57,3,0,east,0,False
normal,35,west,24,72,1,0,east,0,False
normal,36,north,24,72,1,0,west,0,False
normal,36,east,19,57,0,0,west,0,False
normal,36,south,20,60,1,0,west,0,False
normal,36,west,19,57,0,5,west,0,False
normal,37,north,20,60,1,5,north,0,False
normal,37,east,23,69,4,0,north,0,False
normal,37,south,21,63,1,0,north,0,False
normal,37,west,21,63,2,0,north,0,False
normal,38,north,22,66,2,0,east,0,False
normal,38,east,19,57,1,5,east,0,False
normal,38,south,22,66,1,0,east,0,False
normal,38,west,22,66,1,0,east,0,False
normal,39,north,22,66,0,0,south,0,False
normal,39,east,21,63,2,0,south,0,False
normal,39,south,19,57,2,5,south,0,False
normal,39,west,26,78,4,0,south,0,False
normal,40,north,23,69,1,0,west,0,False
normal,40,east,23,69,2,0,west,0,False
normal,40,south,27,81,8,0,west,0,False
normal,40,west,22,66,1,5,west,0,False
normal,41,north,23,69,0,0,south,0,False
normal,41,east,24,72,1,0,south,0,False
normal,41,south,23,69,1,5,south,0,False
normal,41,west,28,84,6,0,south,0,False
normal,42,north,24,72,1,0,west,0,False
normal,42,east,24,72,0,0,west,0,False
normal,42,south,26,78,3,0,west,0,False
normal,42,west,23,69,0,5,west,0,False
normal,43,north,25,75,1,0,south,0,False
normal,43,east,25,75,1,0,south,0,False
normal,43,south,23,69,2,5,south,0,False
normal,43,west,26,78,3,0,south,0,False
normal,44,north,27,81,2,0,west,0,False
normal,44,east,25,75,0,0,west,0,False
normal,44,south,25,75,2,0,west,0,False
normal,44,west,21,63,0,5,west,0,False
normal,45,north,26,78,4,5,north,0,False
normal,45,east,27,81,2,0,north,0,False
normal,45,south,25,75,0,0,north,0,False
normal,45,west,22,66,1,0,north,0,False
normal,46,north,26,78,0,0,east,0,False
normal,46,east,24,72,2,5,east,0,False
normal,46,south,28,84,3,0,east,0,False
normal,46,west,23,69,1,0,east,0,False
normal,47,north,28,84,2,0,south,0,False
normal,47,east,26,78,2,0,south,0,False
normal,47,south,23,69,0,5,south,0,False
normal,47,west,27,81,4,0,south,0,False
normal,48,north,23,69,0,5,north,0,False
normal,48,east,29,87,3,0,north,0,False
normal,48,south,24,72,1,0,north,0,False
normal,48,west,30,90,3,0,north,0,False
normal,49,north,26,78,3,0,west,0,False
normal,49,east,30,90,1,0,west,0,False
normal,49,south,24,72,0,0,west,0,False
normal,49,west,27,81,2,5,west,0,False
normal,50,north,28,84,2,0,east,0,False
normal,50,east,26,78,1,5,east,0,False
normal,50,south,25,75,1,0,east,0,False
normal,50,west,29,87,2,0,east,0,False
normal,51,north,28,84,0,0,west,0,False
normal,51,east,26,78,0,0,west,0,False
normal,51,south,27,81,2,0,west,0,False
normal,51,west,27,81,3,5,west,0,False
normal,52,north,25,75,2,5,north,0,False
normal,52,east,28,84,2,0,north,0,False
normal,52,south,29,87,2,0,north,0,False
normal,52,west,28,84,1,0,north,0,False
normal,53,north,26,78,1,0,south,0,False
normal,53,east,30,90,2,0,south,0,False
normal,53,south,28,84,4,5,south,0,False
normal,53,west,31,93,3,0,south,0,False
normal,54,north,27,81,1,0,west,0,False
normal,54,east,34,102,4,0,west,0,False
normal,54,south,30,90,2,0,west,0,False
normal,54,west,31,93,5,5,west,0,False
normal,55,north,29,87,2,0,east,0,False
normal,55,east,31,93,2,5,east,0,False
normal,55,south,33,99,3,0,east,0,False
normal,55,west,34,102,3,0,east,0,False
normal,56,north,31,93,2,0,west,0,False
normal,56,east,32,96,1,0,west,0,False
normal,56,south,35,105,2,0,west,0,False
normal,56,west,31,93,2,5,west,0,False
normal,57,north,31,93,0,0,south,0,False
normal,57,east,34,102,2,0,south,0,False
normal,57,south,32,96,2,5,south,0,False
normal,57,west,33,99,2,0,south,0,False
normal,58,north,32,96,1,0,east,0,False
normal,58,east,30,90,1,5,east,0,False
normal,58,south,32,96,0,0,east,0,False
normal,58,west,35,105,2,0,east,0,False
normal,59,north,35,105,3,0,west,0,False
normal,59,east,34,102,4,0,west,0,False
normal,59,south,32,96,0,0,west,0,False
normal,59,west,32,96,2,5,west,0,False
normal,60,north,33,99,3,5,north,0,False
normal,60,east,35,105,1,0,north,0,False
normal,60,south,36,108,4,0,north,0,False
normal,60,west,32,96,0,0,north,0,False
normal,61,north,34,102,1,0,south,0,False
normal,61,east,39,117,4,0,south,0,False
normal,61,south,32,96,1,5,south,0,False
normal,61,west,34,102,2,0,south,0,False
normal,62,north,36,108,2,0,east,0,False
normal,62,east,36,108,2,5,east,0,False
normal,62,south,35,105,3,0,east,0,False
normal,62,west,36,108,2,0,east,0,False
normal,63,north,33,99,2,5,north,0,False
normal,63,east,37,111,1,0,north,0,False
normal,63,south,36,108,1,0,north,0,False
normal,63,west,36,108,0,0,north,0,False
normal,64,north,35,105,2,0,east,0,False
normal,64,east,35,105,3,5,east,0,False
normal,64,south,40,120,4,0,east,0,False
normal,64,west,38,114,2,0,east,0,False
normal,65,north,37,111,2,0,south,0,False
normal,65,east,35,105,0,0,south,0,False
normal,65,south,38,114,3,5,south,0,False
normal,65,west,39,117,1,0,south,0,False
normal,66,north,39,117,2,0,west,0,False
normal,66,east,40,120,5,0,west,0,False
normal,66,south,41,123,3,0,west,0,False
normal,66,west,35,105,1,5,west,0,False
normal,67,north,40,120,1,0,south,0,False
normal,67,east,42,126,2,0,south,0,False
normal,67,south,37,111,1,5,south,0,False
normal,67,west,36,108,1,0,south,0,False
normal,68,north,43,129,3,0,east,0,False
normal,68,east,40,120,3,5,east,0,False
normal,68,south,38,114,1,0,east,0,False
normal,68,west,39,117,3,0,east,0,False
normal,69,north,38,114,0,5,north,0,False
normal,69,east,42,126,2,0,north,0,False
normal,69,south,40,120,2,0,north,0,False
normal,69,west,39,117,0,0,north,0,False
normal,70,north,41,123,3,0,east,0,False
normal,70,east,37,111,0,5,east,0,False
normal,70,south,44,132,4,0,east,0,False
normal,70,west,40,120,1,0,east,0,False
normal,71,north,42,126,1,0,south,0,False
normal,71,east,38,114,1,0,south,0,False
normal,71,south,39,117,0,5,south,0,False
normal,71,west,42,126,2,0,south,0,False
normal,72,north,39,117,2,5,north,0,False
normal,72,east,39,117,1,0,north,0,False
normal,72,south,42,126,3,0,north,0,False
normal,72,west,44,132,2,0,north,0,False
normal,73,north,40,120,1,0,west,0,False
normal,73,east,41,123,2,0,west,0,False
normal,73,south,43,129,1,0,west,0,False
normal,73,west,42,126,3,5,west,0,False
normal,74,north,40,120,0,0,south,0,False
normal,74,east,44,132,3,0,south,0,False
normal,74,south,47,141,9,5,south,0,False
normal,74,west,44,132,2,0,south,0,False
normal,75,north,42,126,2,0,south,0,False
normal,75,east,47,141,3,0,south,0,False
normal,75,south,44,132,2,5,south,0,False
normal,75,west,45,135,1,0,south,0,False
normal,76,north,44,132,2,0,east,0,False
normal,76,east,46,138,4,5,east,0,False
normal,76,south,49,147,5,0,east,0,False
normal,76,west,46,138,1,0,east,0,False
normal,77,north,47,141,3,0,south,0,False
normal,77,east,47,141,1,0,south,0,False
normal,77,south,46,138,2,5,south,0,False
normal,77,west,48,144,2,0,south,0,False
normal,78,north,50,150,3,0,west,0,False
normal,78,east,49,147,2,0,west,0,False
normal,78,south,48,144,2,0,west,0,False
normal,78,west,44,132,1,5,west,0,False
normal,79,north,48,144,3,5,north,0,False
normal,79,east,51,153,2,0,north,0,False
normal,79,south,57,171,9,0,north,0,False
normal,79,west,44,132,0,0,north,0,False
normal,80,north,49,147,1,0,south,0,False
normal,80,east,53,159,2,0,south,0,False
normal,80,south,54,162,2,5,south,0,False
normal,80,west,45,135,1,0,south,0,False
normal,81,north,50,150,1,0,south,0,False
normal,81,east,55,165,2,0,south,0,False
normal,81,south,51,153,2,5,south,0,False
normal,81,west,47,141,2,0,south,0,False
normal,82,north,51,153,1,0,east,0,False
normal,82,east,54,162,4,5,east,0,False
normal,82,south,52,156,1,0,east,0,False
normal,82,west,47,141,0,0,east,0,False
normal,83,north,53,159,2,0,east,0,False
normal,83,east,49,147,0,5,east,0,False
normal,83,south,53,159,1,0,east,0,False
normal,83,west,48,144,1,0,east,0,False
normal,84,north,55,165,2,0,south,0,False
normal,84,east,52,156,3,0,south,0,False
normal,84,south,50,150,2,5,south,0,False
normal,84,west,49,147,1,0,south,0,False
normal,85,north,53,159,3,5,north,0,False
normal,85,east,54,162,2,0,north,0,False
normal,85,south,54,162,4,0,north,0,False
normal,85,west,50,150,1,0,north,0,False
normal,86,north,57,171,4,0,south,0,False
normal,86,east,56,168,2,0,south,0,False
normal,86,south,50,150,1,5,south,0,False
normal,86,west,53,159,3,0,south,0,False
normal,87,north,56,168,4,5,north,0,False
normal,87,east,60,180,4,0,north,0,False
normal,87,south,50,150,0,0,north,0,False
normal,87,west,56,168,3,0,north,0,False
normal,88,north,60,180,4,0,east,0,False
normal,88,east,56,168,1,5,east,0,False
normal,88,south,50,150,0,0,east,0,False
normal,88,west,58,174,2,0,east,0,False
normal,89,north,56,168,1,5,north,0,False
normal,89,east,57,171,1,0,north,0,False
normal,89,south,51,153,1,0,north,0,False
normal,89,west,58,174,0,0,north,0,False
normal,90,north,56,168,0,0,west,0,False
normal,90,east,59,177,2,0,west,0,False
normal,90,south,52,156,1,0,west,0,False
normal,90,west,53,159,0,5,west,0,False
normal,91,north,60,180,4,0,east,0,False
normal,91,east,57,171,3,5,east,0,False
normal,91,south,55,165,3,0,east,0,False
normal,91,west,55,165,2,0,east,0,False
normal,92,north,55,165,0,5,north,0,False
normal,92,east,57,171,0,0,north,0,False
normal,92,south,59,177,4,0,north,0,False
normal,92,west,55,165,0,0,north,0,False
normal,93,north,57,171,2,0,south,0,False
normal,93,east,60,180,3,0,south,0,False
normal,93,south,54,162,0,5,south,0,False
normal,93,west,55,165,0,0,south,0,False
normal,94,north,61,183,4,0,east,0,False
normal,94,east,56,168,1,5,east,0,False
normal,94,south,56,168,2,0,east,0,False
normal,94,west,58,174,3,0,east,0,False
normal,95,north,58,174,2,5,north,0,False
normal,95,east,58,174,2,0,north,0,False
normal,95,south,59,177,3,0,north,0,False
normal,95,west,58,174,0,0,north,0,False
normal,96,north,62,186,4,0,south,0,False
normal,96,east,60,180,2,0,south,0,False
normal,96,south,57,171,3,5,south,0,False
normal,96,west,58,174,0,0,south,0,False
normal,97,north,58,174,1,5,north,0,False
normal,97,east,63,189,3,0,north,0,False
normal,97,south,57,171,0,0,north,0,False
normal,97,west,59,177,1,0,north,0,False
normal,98,north,59,177,1,0,east,0,False
normal,98,east,60,180,2,5,east,0,False
normal,98,south,57,171,0,0,east,0,False
normal,98,west,60,180,1,0,east,0,False
normal,99,north,64,192,5,0,east,0,False
normal,99,east,58,174,3,5,east,0,False
normal,99,south,60,180,3,0,east,0,False
normal,99,west,60,180,0,0,east,0,False
normal,100,north,62,186,3,5,north,0,False
normal,100,east,59,177,1,0,north,0,False
normal,100,south,62,186,2,0,north,0,False
normal,100,west,62,186,2,0,north,0,False
normal,101,north,63,189,1,0,south,0,False
normal,101,east,64,192,5,0,south,0,False
normal,101,south,58,174,1,5,south,0,False
normal,101,west,64,192,2,0,south,0,False
normal,102,north,67,201,4,0,east,0,False
normal,102,east,59,177,0,5,east,0,False
normal,102,south,60,180,2,0,east,0,False
normal,102,west,64,192,0,0,east,0,False
normal,103,north,63,189,1,5,north,0,False
normal,103,east,62,186,3,0,north,0,False
normal,103,south,61,183,1,0,north,0,False
normal,103,west,64,192,0,0,north,0,False
normal,104,north,67,201,4,0,west,0,False
normal,104,east,63,189,1,0,west,0,False
normal,104,south,62,186,1,0,west,0,False
normal,104,west,59,177,0,5,west,0,False
normal,105,north,64,192,2,5,north,0,False
normal,105,east,63,189,0,0,north,0,False
normal,105,south,63,189,1,0,north,0,False
normal,105,west,60,180,1,0,north,0,False
normal,106,north,60,180,1,5,north,0,False
normal,106,east,64,192,1,0,north,0,False
normal,106,south,63,189,0,0,north,0,False
normal,106,west,62,186,2,0,north,0,False
normal,107,north,61,183,1,0,east,0,False
normal,107,east,60,180,1,5,east,0,False
normal,107,south,65,195,2,0,east,0,False
normal,107,west,63,189,1,0,east,0,False
normal,108,north,64,192,3,0,south,0,False
normal,108,east,65,195,5,0,south,0,False
normal,108,south,60,180,0,5,south,0,False
normal,108,west,64,192,1,0,south,0,False
normal,109,north,64,192,0,0,east,0,False
normal,109,east,61,183,1,5,east,0,False
normal,109,south,61,183,1,0,east,0,False
normal,109,west,65,195,1,0,east,0,False
normal,110,north,67,201,3,0,west,0,False
normal,110,east,65,195,4,0,west,0,False
normal,110,south,62,186,1,0,west,0,False
normal,110,west,62,186,2,5,west,0,False
normal,111,north,63,189,1,5,north,0,False
normal,111,east,68,204,3,0,north,0,False
normal,111,south,64,192,2,0,north,0,False
normal,111,west,63,189,1,0,north,0,False
normal,112,north,64,192,1,0,east,0,False
normal,112,east,63,189,0,5,east,0,False
normal,112,south,65,195,1,0,east,0,False
normal,112,west,66,198,3,0,east,0,False
normal,113,north,66,198,2,0,west,0,False
normal,113,east,63,189,0,0,west,0,False
normal,113,south,68,204,3,0,west,0,False
normal,113,west,61,183,0,5,west,0,False
normal,114,north,69,207,3,0,south,0,False
normal,114,east,65,195,2,0,south,0,False
normal,114,south,66,198,3,5,south,0,False
normal,114,west,61,183,0,0,south,0,False
normal,115,north,65,195,1,5,north,0,False
normal,115,east,66,198,1,0,north,0,False
normal,115,south,68,204,2,0,north,0,False
normal,115,west,63,189,2,0,north,0,False
normal,116,north,68,204,3,0,south,0,False
normal,116,east,66,198,0,0,south,0,False
normal,116,south,64,192,1,5,south,0,False
normal,116,west,66,198,3,0,south,0,False
normal,117,north,64,192,1,5,north,0,False
normal,117,east,67,201,1,0,north,0,False
normal,117,south,64,192,0,0,north,0,False
normal,117,west,68,204,2,0,north,0,False
normal,118,north,65,195,1,0,west,0,False
normal,118,east,68,204,1,0,west,0,False
normal,118,south,65,195,1,0,west,0,False
normal,118,west,67,201,4,5,west,0,False
normal,119,north,66,198,1,0,east,0,False
normal,119,east,65,195,2,5,east,0,False
normal,119,south,68,204,3,0,east,0,False
normal,119,west,70,210,3,0,east,0,False
peak,0,north,2,6,7,5,north,0,False
peak,0,east,5,15,5,0,north,0,False
peak,0,south,6,18,6,0,north,0,False
peak,0,west,2,6,2,0,north,0,False
peak,1,north,12,36,10,0,south,0,False
peak,1,east,11,33,6,0,south,0,False
peak,1,south,4,12,3,5,south,0,False
peak,1,west,5,15,3,0,south,0,False
peak,2,north,11,33,4,5,north,0,False
peak,2,east,15,45,4,0,north,0,False
peak,2,south,6,18,2,0,north,0,False
peak,2,west,10,30,5,0,north,0,False
peak,3,north,20,60,9,0,east,0,False
peak,3,east,14,42,4,5,east,0,False
peak,3,south,10,30,4,0,east,0,False
peak,3,west,13,39,3,0,east,0,False
peak,4,north,18,54,3,5,north,0,False
peak,4,east,20,60,6,0,north,0,False
peak,4,south,14,42,4,0,north,0,False
peak,4,west,15,45,2,0,north,0,False
peak,5,north,22,66,4,0,east,0,False
peak,5,east,18,54,3,5,east,0,False
peak,5,south,19,57,5,0,east,0,False
peak,5,west,19,57,4,0,east,0,False
peak,6,north,19,57,2,5,north,0,False
peak,6,east,26,78,8,0,north,0,False
peak,6,south,23,69,4,0,north,0,False
peak,6,west,23,69,4,0,north,0,False
peak,7,north,23,69,4,0,east,0,False
peak,7,east,25,75,4,5,east,0,False
peak,7,south,28,84,5,0,east,0,False
peak,7,west,29,87,6,0,east,0,False
peak,8,north,26,78,3,0,west,0,False
peak,8,east,29,87,4,0,west,0,False
peak,8,south,30,90,2,0,west,0,False
peak,8,west,29,87,5,5,west,0,False
peak,9,north,33,99,7,0,south,0,False
peak,9,east,37,111,8,0,south,0,False
peak,9,south,27,81,2,5,south,0,False
peak,9,west,34,102,5,0,south,0,False
peak,10,north,39,117,6,0,east,0,False
peak,10,east,38,114,6,5,east,0,False
peak,10,south,29,87,2,0,east,0,False
peak,10,west,37,111,3,0,east,0,False
peak,11,north,40,120,6,5,north,0,False
peak,11,east,40,120,2,0,north,0,False
peak,11,south,32,96,3,0,north,0,False
peak,11,west,41,123,4,0,north,0,False
peak,12,north,43,129,3,0,west,0,False
peak,12,east,44,132,4,0,west,0,False
peak,12,south,33,99,1,0,west,0,False
peak,12,west,37,111,1,5,west,0,False
peak,13,north,51,153,8,0,east,0,False
peak,13,east,41,123,2,5,east,0,False
peak,13,south,36,108,3,0,east,0,False
peak,13,west,39,117,2,0,east,0,False
peak,14,north,50,150,4,5,north,0,False
peak,14,east,46,138,5,0,north,0,False
peak,14,south,41,123,5,0,north,0,False
peak,14,west,42,126,3,0,north,0,False
peak,15,north,49,147,4,5,north,0,False
peak,15,east,49,147,3,0,north,0,False
peak,15,south,48,144,7,0,north,0,False
peak,15,west,44,132,2,0,north,0,False
peak,16,north,50,150,6,5,north,0,False
peak,16,east,55,165,6,0,north,0,False
peak,16,south,53,159,5,0,north,0,False
peak,16,west,45,135,1,0,north,0,False
peak,17,north,53,159,3,0,east,0,False
peak,17,east,53,159,3,5,east,0,False
peak,17,south,57,171,4,0,east,0,False
peak,17,west,49,147,4,0,east,0,False
peak,18,north,54,162,1,0,south,0,False
peak,18,east,57,171,4,0,south,0,False
peak,18,south,54,162,2,5,south,0,False
peak,18,west,52,156,3,0,south,0,False
peak,19,north,58,174,4,0,east,0,False
peak,19,east,55,165,3,5,east,0,False
peak,19,south,58,174,4,0,east,0,False
peak,19,west,55,165,3,0,east,0,False
peak,20,north,62,186,4,0,south,0,False
peak,20,east,57,171,2,0,south,0,False
peak,20,south,57,171,4,5,south,0,False
peak,20,west,56,168,1,0,south,0,False
peak,21,north,62,186,5,5,north,0,False
peak,21,east,62,186,5,0,north,0,False
peak,21,south,59,177,2,0,north,0,False
peak,21,west,58,174,2,0,north,0,False
peak,22,north,65,195,8,5,north,0,False
peak,22,east,72,216,10,0,north,0,False
peak,22,south,65,195,6,0,north,0,False
peak,22,west,61,183,3,0,north,0,False
peak,23,north,72,216,7,0,east,0,False
peak,23,east,71,213,4,5,east,0,False
peak,23,south,68,204,3,0,east,0,False
peak,23,west,67,201,6,0,east,0,False
peak,24,north,71,213,4,5,north,0,False
peak,24,east,73,219,2,0,north,0,False
peak,24,south,76,228,8,0,north,0,False
peak,24,west,69,207,2,0,north,0,False
peak,25,north,75,225,4,0,south,0,False
peak,25,east,74,222,1,0,south,0,False
peak,25,south,73,219,2,5,south,0,False
peak,25,west,73,219,4,0,south,0,False
peak,26,north,75,225,5,5,north,0,False
peak,26,east,79,237,5,0,north,0,False
peak,26,south,77,231,4,0,north,0,False
peak,26,west,76,228,3,0,north,0,False
peak,27,north,78,234,3,0,east,0,False
peak,27,east,78,234,4,5,east,0,False
peak,27,south,80,240,3,0,east,0,False
peak,27,west,79,237,3,0,east,0,False
peak,28,north,79,237,1,0,south,0,False
peak,28,east,83,249,5,0,south,0,False
peak,28,south,80,240,5,5,south,0,False
peak,28,west,83,249,4,0,south,0,False
peak,29,north,82,246,3,0,east,0,False
peak,29,east,86,258,8,5,east,0,False
peak,29,south,87,261,7,0,east,0,False
peak,29,west,85,255,2,0,east,0,False
peak,30,north,88,264,6,0,south,0,False
peak,30,east,91,273,5,0,south,0,False
peak,30,south,84,252,2,5,south,0,False
peak,30,west,88,264,3,0,south,0,False
peak,31,north,92,276,4,0,east,0,False
peak,31,east,89,267,3,5,east,0,False
peak,31,south,86,258,2,0,east,0,False
peak,31,west,92,276,4,0,east,0,False
peak,32,north,92,276,5,5,north,0,False
peak,32,east,90,270,1,0,north,0,False
peak,32,south,89,267,3,0,north,0,False
peak,32,west,99,297,7,0,north,0,False
peak,33,north,94,282,2,0,west,0,False
peak,33,east,96,288,6,0,west,0,False
peak,33,south,95,285,6,0,west,0,False
peak,33,west,100,300,6,5,west,0,False
peak,34,north,96,288,2,0,west,0,False
peak,34,east,101,303,5,0,west,0,False
peak,34,south,99,297,4,0,west,0,False
peak,34,west,100,300,5,5,west,0,False
peak,35,north,98,294,2,0,east,0,False
peak,35,east,98,294,2,5,east,0,False
peak,35,south,105,315,6,0,east,0,False
peak,35,west,105,315,5,0,east,0,False
peak,36,north,101,303,3,0,south,0,False
peak,36,east,100,300,2,0,south,0,False
peak,36,south,103,309,3,5,south,0,False
peak,36,west,109,327,4,0,south,0,False
peak,37,north,109,327,8,0,west,0,False
peak,37,east,103,309,3,0,west,0,False
peak,37,south,107,321,4,0,west,0,False
peak,37,west,106,318,2,5,west,0,False
peak,38,north,112,336,8,5,north,0,False
peak,38,east,107,321,4,0,north,0,False
peak,38,south,112,336,5,0,north,0,False
peak,38,west,108,324,2,0,north,0,False
peak,39,north,117,351,5,0,south,0,False
peak,39,east,109,327,2,0,south,0,False
peak,39,south,108,324,1,5,south,0,False
peak,39,west,110,330,2,0,south,0,False
peak,40,north,114,342,2,5,north,0,False
peak,40,east,112,336,3,0,north,0,False
peak,40,south,111,333,3,0,north,0,False
peak,40,west,114,342,4,0,north,0,False
peak,41,north,112,336,3,5,north,0,False
peak,41,east,114,342,2,0,north,0,False
peak,41,south,115,345,4,0,north,0,False
peak,41,west,121,363,7,0,north,0,False
peak,42,north,122,366,10,0,west,0,False
peak,42,east,118,354,4,0,west,0,False
peak,42,south,117,351,2,0,west,0,False
peak,42,west,119,357,3,5,west,0,False
peak,43,north,126,378,9,5,north,0,False
peak,43,east,121,363,3,0,north,0,False
peak,43,south,122,366,5,0,north,0,False
peak,43,west,122,366,3,0,north,0,False
peak,44,north,125,375,4,5,north,0,False
peak,44,east,124,372,3,0,north,0,False
peak,44,south,125,375,3,0,north,0,False
peak,44,west,125,375,3,0,north,0,False
peak,45,north,128,384,3,0,south,0,False
peak,45,east,134,402,10,0,south,0,False
peak,45,south,121,363,1,5,south,0,False
peak,45,west,128,384,3,0,south,0,False
peak,46,north,131,393,3,0,east,0,False
peak,46,east,130,390,1,5,east,0,False
peak,46,south,126,378,5,0,east,0,False
peak,46,west,132,396,4,0,east,0,False
peak,47,north,136,408,5,0,west,0,False
peak,47,east,131,393,1,0,west,0,False
peak,47,south,129,387,3,0,west,0,False
peak,47,west,128,384,1,5,west,0,False
peak,48,north,132,396,1,5,north,0,False
peak,48,east,133,399,2,0,north,0,False
peak,48,south,135,405,6,0,north,0,False
peak,48,west,133,399,5,0,north,0,False
peak,49,north,134,402,2,0,south,0,False
peak,49,east,138,414,5,0,south,0,False
peak,49,south,135,405,5,5,south,0,False
peak,49,west,137,411,4,0,south,0,False
peak,50,north,137,411,3,0,east,0,False
peak,50,east,139,417,6,5,east,0,False
peak,50,south,140,420,5,0,east,0,False
peak,50,west,143,429,6,0,east,0,False
peak,51,north,139,417,2,0,west,0,False
peak,51,east,143,429,4,0,west,0,False
peak,51,south,141,423,1,0,west,0,False
peak,51,west,140,420,2,5,west,0,False
peak,52,north,142,426,3,0,east,0,False
peak,52,east,140,420,2,5,east,0,False
peak,52,south,147,441,6,0,east,0,False
peak,52,west,145,435,5,0,east,0,False
peak,53,north,145,435,3,0,south,0,False
peak,53,east,144,432,4,0,south,0,False
peak,53,south,143,429,1,5,south,0,False
peak,53,west,148,444,3,0,south,0,False
peak,54,north,148,444,3,0,west,0,False
peak,54,east,149,447,5,0,west,0,False
peak,54,south,147,441,4,0,west,0,False
peak,54,west,149,447,6,5,west,0,False
peak,55,north,153,459,5,0,east,0,False
peak,55,east,147,441,3,5,east,0,False
peak,55,south,153,459,6,0,east,0,False
peak,55,west,154,462,5,0,east,0,False
peak,56,north,158,474,5,0,west,0,False
peak,56,east,148,444,1,0,west,0,False
peak,56,south,156,468,3,0,west,0,False
peak,56,west,150,450,1,5,west,0,False
peak,57,north,157,471,4,5,north,0,False
peak,57,east,156,468,8,0,north,0,False
peak,57,south,160,480,4,0,north,0,False
peak,57,west,154,462,4,0,north,0,False
peak,58,north,162,486,5,0,south,0,False
peak,58,east,163,489,7,0,south,0,False
peak,58,south,158,474,3,5,south,0,False
peak,58,west,158,474,4,0,south,0,False
peak,59,north,165,495,3,0,east,0,False
peak,59,east,161,483,3,5,east,0,False
peak,59,south,162,486,4,0,east,0,False
peak,59,west,164,492,6,0,east,0,False
peak,60,north,162,486,2,5,north,0,False
peak,60,east,164,492,3,0,north,0,False
peak,60,south,166,498,4,0,north,0,False
peak,60,west,166,498,2,0,north,0,False
peak,61,north,165,495,3,0,south,0,False
peak,61,east,167,501,3,0,south,0,False
peak,61,south,168,504,7,5,south,0,False
peak,61,west,166,498,0,0,south,0,False
peak,62,north,171,513,6,0,south,0,False
peak,62,east,169,507,2,0,south,0,False
peak,62,south,168,504,5,5,south,0,False
peak,62,west,176,528,10,0,south,0,False
peak,63,north,174,522,3,0,west,0,False
peak,63,east,173,519,4,0,west,0,False
peak,63,south,172,516,4,0,west,0,False
peak,63,west,173,519,2,5,west,0,False
peak,64,north,175,525,6,5,north,0,False
peak,64,east,175,525,2,0,north,0,False
peak,64,south,176,528,4,0,north,0,False
peak,64,west,177,531,4,0,north,0,False
peak,65,north,180,540,5,0,west,0,False
peak,65,east,177,531,2,0,west,0,False
peak,65,south,181,543,5,0,west,0,False
peak,65,west,178,534,6,5,west,0,False
peak,66,north,185,555,5,0,south,0,False
peak,66,east,179,537,2,0,south,0,False
peak,66,south,180,540,4,5,south,0,False
peak,66,west,180,540,2,0,south,0,False
peak,67,north,182,546,2,5,north,0,False
peak,67,east,186,558,7,0,north,0,False
peak,67,south,185,555,5,0,north,0,False
peak,67,west,184,552,4,0,north,0,False
peak,68,north,183,549,1,0,east,0,False
peak,68,east,182,546,1,5,east,0,False
peak,68,south,193,579,8,0,east,0,False
peak,68,west,188,564,4,0,east,0,False
peak,69,north,186,558,3,0,south,0,False
peak,69,east,190,570,8,0,south,0,False
peak,69,south,190,570,2,5,south,0,False
peak,69,west,193,579,5,0,south,0,False
peak,70,north,189,567,3,0,west,0,False
peak,70,east,198,594,8,0,west,0,False
peak,70,south,199,597,9,0,west,0,False
peak,70,west,191,573,3,5,west,0,False
peak,71,north,195,585,6,0,south,0,False
peak,71,east,204,612,6,0,south,0,False
peak,71,south,199,597,5,5,south,0,False
peak,71,west,198,594,7,0,south,0,False
peak,72,north,196,588,1,0,east,0,False
peak,72,east,201,603,2,5,east,0,False
peak,72,south,205,615,6,0,east,0,False
peak,72,west,204,612,6,0,east,0,False
peak,73,north,199,597,3,0,south,0,False
peak,73,east,203,609,2,0,south,0,False
peak,73,south,206,618,6,5,south,0,False
peak,73,west,210,630,6,0,south,0,False
peak,74,north,202,606,3,0,west,0,False
peak,74,east,207,621,4,0,west,0,False
peak,74,south,209,627,3,0,west,0,False
peak,74,west,210,630,5,5,west,0,False
peak,75,north,208,624,6,0,west,0,False
peak,75,east,214,642,7,0,west,0,False
peak,75,south,212,636,3,0,west,0,False
peak,75,west,214,642,9,5,west,0,False
peak,76,north,210,630,2,0,east,0,False
peak,76,east,216,648,7,5,east,0,False
peak,76,south,216,648,4,0,east,0,False
peak,76,west,217,651,3,0,east,0,False
peak,77,north,213,639,3,0,west,0,False
peak,77,east,220,660,4,0,west,0,False
peak,77,south,222,666,6,0,west,0,False
peak,77,west,214,642,2,5,west,0,False
peak,78,north,216,648,3,0,south,0,False
peak,78,east,227,681,7,0,south,0,False
peak,78,south,225,675,8,5,south,0,False
peak,78,west,215,645,1,0,south,0,False
peak,79,north,218,654,2,0,east,0,False
peak,79,east,226,678,4,5,east,0,False
peak,79,south,231,693,6,0,east,0,False
peak,79,west,221,663,6,0,east,0,False
peak,80,north,224,672,6,0,south,0,False
peak,80,east,231,693,5,0,south,0,False
peak,80,south,230,690,4,5,south,0,False
peak,80,west,224,672,3,0,south,0,False
peak,81,north,227,681,3,0,east,0,False
peak,81,east,227,681,1,5,east,0,False
peak,81,south,237,711,7,0,east,0,False
peak,81,west,232,696,8,0,east,0,False
peak,82,north,228,684,1,0,south,0,False
peak,82,east,234,702,7,0,south,0,False
peak,82,south,236,708,4,5,south,0,False
peak,82,west,235,705,3,0,south,0,False
peak,83,north,233,699,5,0,south,0,False
peak,83,east,241,723,7,0,south,0,False
peak,83,south,233,699,2,5,south,0,False
peak,83,west,237,711,2,0,south,0,False
peak,84,north,240,720,7,0,east,0,False
peak,84,east,240,720,4,5,east,0,False
peak,84,south,235,705,2,0,east,0,False
peak,84,west,241,723,4,0,east,0,False
peak,85,north,241,723,1,0,west,0,False
peak,85,east,242,726,2,0,west,0,False
peak,85,south,239,717,4,0,west,0,False
peak,85,west,241,723,5,5,west,0,False
peak,86,north,243,729,2,0,east,0,False
peak,86,east,243,729,6,5,east,0,False
peak,86,south,240,720,1,0,east,0,False
peak,86,west,244,732,3,0,east,0,False
peak,87,north,252,756,9,0,west,0,False
peak,87,east,246,738,3,0,west,0,False
peak,87,south,241,723,1,0,west,0,False
peak,87,west,244,732,5,5,west,0,False
peak,88,north,252,756,5,5,north,0,False
peak,88,east,248,744,2,0,north,0,False
peak,88,south,248,744,7,0,north,0,False
peak,88,west,248,744,4,0,north,0,False
peak,89,north,252,756,5,5,north,0,False
peak,89,east,255,765,7,0,north,0,False
peak,89,south,249,747,1,0,north,0,False
peak,89,west,251,753,3,0,north,0,False
peak,90,north,257,771,5,0,east,0,False
peak,90,east,256,768,6,5,east,0,False
peak,90,south,252,756,3,0,east,0,False
peak,90,west,252,756,1,0,east,0,False
peak,91,north,256,768,4,5,north,0,False
peak,91,east,262,786,6,0,north,0,False
peak,91,south,256,768,4,0,north,0,False
peak,91,west,258,774,6,0,north,0,False
peak,92,north,258,774,2,0,east,0,False
peak,92,east,262,786,5,5,east,0,False
peak,92,south,259,777,3,0,east,0,False
peak,92,west,261,783,3,0,east,0,False
peak,93,north,262,786,4,0,east,0,False
peak,93,east,263,789,6,5,east,0,False
peak,93,south,259,777,0,0,east,0,False
peak,93,west,263,789,2,0,east,0,False
peak,94,north,266,798,4,0,east,0,False
peak,94,east,264,792,6,5,east,0,False
peak,94,south,266,798,7,0,east,0,False
peak,94,west,265,795,2,0,east,0,False
peak,95,north,269,807,3,0,south,0,False
peak,95,east,270,810,6,0,south,0,False
peak,95,south,266,798,5,5,south,0,False
peak,95,west,269,807,4,0,south,0,False
peak,96,north,271,813,2,0,east,0,False
peak,96,east,268,804,3,5,east,0,False
peak,96,south,267,801,1,0,east,0,False
peak,96,west,270,810,1,0,east,0,False
peak,97,north,269,807,3,5,north,0,False
peak,97,east,273,819,5,0,north,0,False
peak,97,south,272,816,5,0,north,0,False
peak,97,west,274,822,4,0,north,0,False
peak,98,north,273,819,4,0,west,0,False
peak,98,east,278,834,5,0,west,0,False
peak,98,south,278,834,6,0,west,0,False
peak,98,west,273,819,4,5,west,0,False
peak,99,north,276,828,3,0,south,0,False
peak,99,east,279,837,1,0,south,0,False
peak,99,south,275,825,2,5,south,0,False
peak,99,west,278,834,5,0,south,0,False
peak,100,north,280,840,4,0,east,0,False
peak,100,east,276,828,2,5,east,0,False
peak,100,south,282,846,7,0,east,0,False
peak,100,west,283,849,5,0,east,0,False
peak,101,north,283,849,3,0,west,0,False
peak,101,east,282,846,6,0,west,0,False
peak,101,south,288,864,6,0,west,0,False
peak,101,west,281,843,3,5,west,0,False
peak,102,north,291,873,8,0,south,0,False
peak,102,east,287,861,5,0,south,0,False
peak,102,south,288,864,5,5,south,0,False
peak,102,west,284,852,3,0,south,0,False
peak,103,north,291,873,5,5,north,0,False
peak,103,east,293,879,6,0,north,0,False
peak,103,south,291,873,3,0,north,0,False
peak,103,west,290,870,6,0,north,0,False
peak,104,north,296,888,5,0,east,0,False
peak,104,east,294,882,6,5,east,0,False
peak,104,south,296,888,5,0,east,0,False
peak,104,west,293,879,3,0,east,0,False
peak,105,north,305,915,9,0,south,0,False
peak,105,east,298,894,4,0,south,0,False
peak,105,south,296,888,5,5,south,0,False
peak,105,west,294,882,1,0,south,0,False
peak,106,north,306,918,6,5,north,0,False
peak,106,east,299,897,1,0,north,0,False
peak,106,south,301,903,5,0,north,0,False
peak,106,west,296,888,2,0,north,0,False
peak,107,north,307,921,6,5,north,0,False
peak,107,east,304,912,5,0,north,0,False
peak,107,south,307,921,6,0,north,0,False
peak,107,west,299,897,3,0,north,0,False
peak,108,north,309,927,2,0,south,0,False
peak,108,east,308,924,4,0,south,0,False
peak,108,south,305,915,3,5,south,0,False
peak,108,west,302,906,3,0,south,0,False
peak,109,north,306,918,2,5,north,0,False
peak,109,east,312,936,4,0,north,0,False
peak,109,south,308,924,3,0,north,0,False
peak,109,west,305,915,3,0,north,0,False
peak,110,north,309,927,3,0,east,0,False
peak,110,east,309,927,2,5,east,0,False
peak,110,south,312,936,4,0,east,0,False
peak,110,west,310,930,5,0,east,0,False
peak,111,north,313,939,4,0,south,0,False
peak,111,east,314,942,5,0,south,0,False
peak,111,south,313,939,6,5,south,0,False
peak,111,west,316,948,6,0,south,0,False
peak,112,north,321,963,8,0,west,0,False
peak,112,east,318,954,4,0,west,0,False
peak,112,south,317,951,4,0,west,0,False
peak,112,west,316,948,5,5,west,0,False
peak,113,north,321,963,5,5,north,0,False
peak,113,east,320,960,2,0,north,0,False
peak,113,south,324,972,7,0,north,0,False
peak,113,west,318,954,2,0,north,0,False
peak,114,north,327,981,6,0,south,0,False
peak,114,east,325,975,5,0,south,0,False
peak,114,south,326,978,7,5,south,0,False
peak,114,west,323,969,5,0,south,0,False
peak,115,north,326,978,4,5,north,0,False
peak,115,east,335,1005,10,0,north,0,False
peak,115,south,331,993,5,0,north,0,False
peak,115,west,326,978,3,0,north,0,False
peak,116,north,327,981,1,0,east,0,False
peak,116,east,333,999,3,5,east,0,False
peak,116,south,336,1008,5,0,east,0,False
peak,116,west,329,987,3,0,east,0,False
peak,117,north,329,987,2,0,south,0,False
peak,117,east,335,1005,2,0,south,0,False
peak,117,south,336,1008,5,5,south,0,False
peak,117,west,332,996,3,0,south,0,False
peak,118,north,331,993,2,0,south,0,False
peak,118,east,342,1026,7,0,south,0,False
peak,118,south,338,1014,7,5,south,0,False
peak,118,west,336,1008,4,0,south,0,False
peak,119,north,337,1011,6,0,east,0,False
peak,119,east,337,1011,0,5,east,0,False
peak,119,south,343,1029,5,0,east,0,False
peak,119,west,339,1017,3,0,east,0,False
emergency,0,north,0,0,4,4,north,0,False
emergency,0,east,4,12,4,0,north,0,False
emergency,0,south,3,9,3,0,north,0,False
emergency,0,west,3,9,3,0,north,0,False
emergency,1,north,3,9,3,0,east,0,False
emergency,1,east,0,0,0,4,east,0,False
emergency,1,south,8,24,5,0,east,0,False
emergency,1,west,7,21,4,0,east,0,False
emergency,2,north,6,18,3,0,south,0,False
emergency,2,east,3,9,3,0,south,0,False
emergency,2,south,5,15,2,5,south,0,False
emergency,2,west,7,21,0,0,south,0,False
emergency,3,north,8,24,2,0,west,0,False
emergency,3,east,8,24,5,0,west,0,False
emergency,3,south,7,21,2,0,west,0,False
emergency,3,west,4,12,2,5,west,0,False
emergency,4,north,3,9,0,5,north,0,False
emergency,4,east,8,24,0,0,north,0,False
emergency,4,south,11,33,4,0,north,0,False
emergency,4,west,6,18,2,0,north,0,False
emergency,5,north,10,30,7,0,south,0,False
emergency,5,east,12,36,4,0,south,0,False
emergency,5,south,9,27,3,5,south,0,False
emergency,5,west,7,21,1,0,south,0,False
emergency,6,north,12,36,2,0,east,0,False
emergency,6,east,9,27,2,5,east,0,False
emergency,6,south,10,30,1,0,east,0,False
emergency,6,west,11,33,4,0,east,0,False
emergency,7,north,9,27,2,5,north,0,False
emergency,7,east,10,30,1,0,north,0,False
emergency,7,south,11,33,1,0,north,0,False
emergency,7,west,15,45,4,0,north,0,False
emergency,8,north,10,30,1,0,west,0,False
emergency,8,east,11,33,1,0,west,0,False
emergency,8,south,14,42,3,0,west,0,False
emergency,8,west,12,36,2,5,west,0,False
emergency,9,north,12,36,2,0,south,0,False
emergency,9,east,15,45,4,0,south,0,False
emergency,9,south,9,27,0,5,south,0,False
emergency,9,west,17,51,5,0,south,0,False
emergency,10,north,15,45,3,0,west,0,False
emergency,10,east,18,54,3,0,west,0,False
emergency,10,south,13,39,4,0,west,0,False
emergency,10,west,15,45,3,5,west,0,False
emergency,11,north,18,54,3,0,east,0,False
emergency,11,east,14,42,1,5,east,0,False
emergency,11,south,16,48,3,0,east,0,False
emergency,11,west,16,48,1,0,east,0,False
emergency,12,north,18,54,5,5,north,0,False
emergency,12,east,15,45,1,0,north,0,False
emergency,12,south,19,57,3,0,north,0,False
emergency,12,west,16,48,0,0,north,0,False
emergency,13,north,20,60,2,0,south,0,False
emergency,13,east,15,45,0,0,south,0,False
emergency,13,south,15,45,1,5,south,0,False
emergency,13,west,19,57,3,0,south,0,False
emergency,14,north,18,54,3,5,north,0,False
emergency,14,east,19,57,4,0,north,0,False
emergency,14,south,18,54,3,0,north,0,False
emergency,14,west,21,63,2,0,north,0,False
emergency,15,north,23,69,5,0,west,0,False
emergency,15,east,23,69,4,0,west,0,False
emergency,15,south,22,66,4,0,west,0,False
emergency,15,west,18,54,2,5,west,0,False
emergency,16,north,21,63,3,5,north,0,False
emergency,16,east,25,75,2,0,north,0,False
emergency,16,south,24,72,2,0,north,0,False
emergency,16,west,19,57,1,0,north,0,False
emergency,17,north,27,81,6,0,east,0,False
emergency,17,east,21,63,1,5,east,0,False
emergency,17,south,26,78,2,0,east,0,False
emergency,17,west,21,63,2,0,east,0,False
emergency,18,north,24,72,2,5,north,0,False
emergency,18,east,23,69,2,0,north,0,False
emergency,18,south,28,84,2,0,north,0,False
emergency,18,west,21,63,0,0,north,0,False
emergency,19,north,28,84,4,0,south,0,False
emergency,19,east,24,72,1,0,south,0,False
emergency,19,south,23,69,0,5,south,0,False
emergency,19,west,21,63,0,0,south,0,False
emergency,20,north,30,90,7,5,north,0,False
emergency,20,east,24,72,0,0,north,0,False
emergency,20,south,24,72,1,0,north,0,False
emergency,20,west,21,63,0,0,north,0,False
emergency,21,north,26,78,1,5,north,0,False
emergency,21,east,26,78,2,0,north,0,False
emergency,21,south,25,75,1,0,north,0,False
emergency,21,west,23,69,2,0,north,0,False
emergency,22,north,23,69,2,5,north,0,False
emergency,22,east,29,87,3,0,north,0,False
emergency,22,south,27,81,2,0,north,0,False
emergency,22,west,26,78,3,0,north,0,False
emergency,23,north,26,78,3,0,east,0,False
emergency,23,east,24,72,0,5,east,0,False
emergency,23,south,31,93,4,0,east,0,False
emergency,23,west,26,78,0,0,east,0,False
emergency,24,north,30,90,4,0,south,0,False
emergency,24,east,29,87,5,0,south,1,False
emergency,24,south,26,78,0,5,south,0,False
emergency,24,west,27,81,1,0,south,0,False
emergency,25,north,35,105,5,0,east,0,False
emergency,25,east,27,81,3,5,east,0,False
emergency,25,south,29,87,3,0,east,0,False
emergency,25,west,29,87,2,0,east,0,False
emergency,26,north,33,99,3,5,north,0,False
emergency,26,east,27,81,0,0,north,0,False
emergency,26,south,30,90,1,0,north,0,False
emergency,26,west,30,90,1,0,north,0,False
emergency,27,north,31,93,3,5,north,0,False
emergency,27,east,29,87,2,0,north,0,False
emergency,27,south,32,96,2,0,north,0,False
emergency,27,west,33,99,3,0,north,0,False
emergency,28,north,31,93,0,0,west,0,False
emergency,28,east,30,90,1,0,west,0,False
emergency,28,south,34,102,2,0,west,0,False
emergency,28,west,29,87,1,5,west,0,False
emergency,29,north,32,96,1,0,south,0,False
emergency,29,east,32,96,2,0,south,0,False
emergency,29,south,30,90,1,5,south,0,False
emergency,29,west,33,99,4,0,south,0,False
emergency,30,north,35,105,3,0,west,0,False
emergency,30,east,34,102,2,0,west,0,False
emergency,30,south,31,93,1,0,west,0,False
emergency,30,west,30,90,2,5,west,0,False
emergency,31,north,32,96,2,5,north,0,False
emergency,31,east,35,105,1,0,north,0,False
emergency,31,south,32,96,1,0,north,0,False
emergency,31,west,30,90,0,0,north,0,False
emergency,32,north,33,99,1,0,east,0,False
emergency,32,east,34,102,4,5,east,0,False
emergency,32,south,34,102,2,0,east,0,False
emergency,32,west,32,96,2,0,east,0,False
emergency,33,north,36,108,3,0,south,0,False
emergency,33,east,35,105,1,0,south,0,False
emergency,33,south,31,93,2,5,south,0,False
emergency,33,west,34,102,2,0,south,0,False
emergency,34,north,36,108,5,5,north,0,False
emergency,34,east,38,114,3,0,north,0,False
emergency,34,south,37,111,6,0,north,0,False
emergency,34,west,39,117,5,0,north,0,False
emergency,35,north,37,111,1,0,west,0,False
emergency,35,east,40,120,2,0,west,0,False
emergency,35,south,38,114,1,0,west,0,False
emergency,35,west,40,120,6,5,west,0,False
emergency,36,north,38,114,1,0,east,0,False
emergency,36,east,38,114,3,5,east,0,False
emergency,36,south,38,114,0,0,east,0,False
emergency,36,west,41,123,1,0,east,0,False
emergency,37,north,39,117,1,0,west,0,False
emergency,37,east,40,120,2,0,west,0,False
emergency,37,south,41,123,3,0,west,0,False
emergency,37,west,38,114,2,5,west,0,False
emergency,38,north,40,120,1,0,south,0,False
emergency,38,east,41,123,1,0,south,0,False
emergency,38,south,36,108,0,5,south,0,False
emergency,38,west,42,126,4,0,south,0,False
emergency,39,north,43,129,3,0,west,0,False
emergency,39,east,42,126,1,0,west,0,False
emergency,39,south,37,111,1,0,west,0,False
emergency,39,west,38,114,1,5,west,0,False
emergency,40,north,41,123,3,5,north,0,False
emergency,40,east,43,129,1,0,north,0,False
emergency,40,south,41,123,4,0,north,0,False
emergency,40,west,38,114,0,0,north,0,False
emergency,41,north,41,123,0,0,east,0,False
emergency,41,east,42,126,4,5,east,0,False
emergency,41,south,43,129,2,0,east,0,False
emergency,41,west,40,120,2,0,east,0,False
emergency,42,north,42,126,1,0,south,0,False
emergency,42,east,44,132,2,0,south,0,False
emergency,42,south,41,123,3,5,south,0,False
emergency,42,west,42,126,2,0,south,0,False
emergency,43,north,44,132,2,0,east,0,False
emergency,43,east,41,123,2,5,east,0,False
emergency,43,south,43,129,2,0,east,0,False
emergency,43,west,42,126,0,0,east,0,False
emergency,44,north,42,126,3,5,north,0,False
emergency,44,east,41,123,0,0,north,0,False
emergency,44,south,45,135,2,0,north,0,False
emergency,44,west,45,135,3,0,north,0,False
emergency,45,north,44,132,2,0,south,0,False
emergency,45,east,43,129,2,0,south,0,False
emergency,45,south,43,129,3,5,south,0,False
emergency,45,west,45,135,0,0,south,0,False
emergency,46,north,45,135,1,0,west,0,False
emergency,46,east,45,135,2,0,west,0,False
emergency,46,south,49,147,6,0,west,0,False
emergency,46,west,42,126,2,5,west,0,False
emergency,47,north,50,150,5,0,south,0,False
emergency,47,east,47,141,2,0,south,0,False
emergency,47,south,49,147,5,5,south,0,False
emergency,47,west,44,132,2,0,south,0,False
emergency,48,north,47,141,2,5,north,0,False
emergency,48,east,48,144,1,0,north,0,False
emergency,48,south,50,150,1,0,north,0,False
emergency,48,west,47,141,3,0,north,0,False
emergency,49,north,49,147,2,0,south,0,False
emergency,49,east,50,150,2,0,south,0,False
emergency,49,south,46,138,1,5,south,0,False
emergency,49,west,49,147,2,0,south,0,False
emergency,50,north,49,147,0,0,east,0,False
emergency,50,east,48,144,3,5,east,0,False
emergency,50,south,49,147,3,0,east,0,False
emergency,50,west,51,153,2,0,east,0,False
emergency,51,north,50,150,1,0,west,0,False
emergency,51,east,48,144,0,0,west,0,False
emergency,51,south,51,153,2,0,west,0,False
emergency,51,west,49,147,3,5,west,0,False
emergency,52,north,54,162,4,0,south,0,False
emergency,52,east,48,144,0,0,south,0,False
emergency,52,south,50,150,4,5,south,0,False
emergency,52,west,51,153,2,0,south,0,False
emergency,53,north,50,150,1,5,north,0,False
emergency,53,east,52,156,4,0,north,0,False
emergency,53,south,54,162,4,0,north,0,False
emergency,53,west,53,159,2,0,north,0,False
emergency,54,north,50,150,0,0,south,0,False
emergency,54,east,53,159,1,0,south,0,False
emergency,54,south,53,159,4,5,south,0,False
emergency,54,west,54,162,1,0,south,0,False
emergency,55,north,53,159,3,0,west,0,False
emergency,55,east,55,165,2,0,west,0,False
emergency,55,south,55,165,2,0,west,0,False
emergency,55,west,50,150,1,5,west,0,False
emergency,56,north,54,162,1,0,south,0,False
emergency,56,east,55,165,0,0,south,0,False
emergency,56,south,52,156,2,5,south,0,False
emergency,56,west,57,171,7,0,south,0,False
emergency,57,north,55,165,1,0,west,0,False
emergency,57,east,56,168,1,0,west,0,False
emergency,57,south,55,165,3,0,west,0,False
emergency,57,west,55,165,3,5,west,0,False
emergency,58,north,56,168,1,0,east,0,False
emergency,58,east,53,159,2,5,east,0,False
emergency,58,south,60,180,5,0,east,0,False
emergency,58,west,58,174,3,0,east,0,False
emergency,59,north,57,171,1,0,south,0,False
emergency,59,east,54,162,1,0,south,0,False
emergency,59,south,59,177,4,5,south,0,False
emergency,59,west,59,177,1,0,south,0,False
emergency,60,north,61,183,4,0,south,0,False
emergency,60,east,58,174,4,0,south,0,False
emergency,60,south,57,171,3,5,south,0,False
emergency,60,west,59,177,0,0,south,0,False
emergency,61,north,59,177,3,5,north,0,False
emergency,61,east,59,177,1,0,north,0,False
emergency,61,south,58,174,1,0,north,0,False
emergency,61,west,62,186,3,0,north,0,False
emergency,62,north,63,189,4,0,west,0,False
emergency,62,east,60,180,1,0,west,0,False
emergency,62,south,60,180,2,0,west,0,False
emergency,62,west,57,171,0,5,west,0,False
emergency,63,north,58,174,0,5,north,0,False
emergency,63,east,62,186,2,0,north,0,False
emergency,63,south,63,189,3,0,north,0,False
emergency,63,west,58,174,1,0,north,0,False
emergency,64,north,61,183,3,0,south,0,False
emergency,64,east,65,195,3,0,south,0,False
emergency,64,south,60,180,2,5,south,0,False
emergency,64,west,59,177,1,0,south,0,False
emergency,65,north,64,192,3,0,east,0,False
emergency,65,east,60,180,0,5,east,0,False
emergency,65,south,66,198,6,0,east,0,False
emergency,65,west,66,198,7,0,east,0,False
emergency,66,north,67,201,3,0,south,0,False
emergency,66,east,61,183,1,0,south,0,False
emergency,66,south,64,192,3,5,south,0,False
emergency,66,west,68,204,2,0,south,0,False
emergency,67,north,68,204,1,0,west,0,False
emergency,67,east,65,195,4,0,west,0,False
emergency,67,south,69,207,5,0,west,0,False
emergency,67,west,65,195,2,5,west,0,False
emergency,68,north,68,204,0,0,south,0,False
emergency,68,east,68,204,3,0,south,0,False
emergency,68,south,66,198,2,5,south,0,False
emergency,68,west,67,201,2,0,south,0,False
emergency,69,north,66,198,3,5,north,0,False
emergency,69,east,71,213,3,0,north,0,False
emergency,69,south,67,201,1,0,north,0,False
emergency,69,west,69,207,2,0,north,0,False
emergency,70,north,69,207,3,0,east,0,False
emergency,70,east,67,201,1,5,east,0,False
emergency,70,south,69,207,2,0,east,0,False
emergency,70,west,78,234,9,0,east,0,False
emergency,71,north,70,210,1,0,west,0,False
emergency,71,east,69,207,2,0,west,0,False
emergency,71,south,71,213,2,0,west,0,False
emergency,71,west,74,222,1,5,west,0,False
emergency,72,north,71,213,1,0,west,0,False
emergency,72,east,72,216,3,0,west,0,False
emergency,72,south,75,225,4,0,west,0,False
emergency,72,west,70,210,1,5,west,0,False
emergency,73,north,75,225,4,0,south,0,False
emergency,73,east,73,219,1,0,south,0,False
emergency,73,south,70,210,0,5,south,0,False
emergency,73,west,72,216,2,0,south,0,False
emergency,74,north,72,216,2,5,north,0,False
emergency,74,east,74,222,1,0,north,0,False
emergency,74,south,72,216,2,0,north,0,False
emergency,74,west,75,225,3,0,north,0,False
emergency,75,north,75,225,3,0,west,0,False
emergency,75,east,77,231,3,0,west,0,False
emergency,75,south,73,219,1,0,west,0,False
emergency,75,west,71,213,1,5,west,0,False
emergency,76,north,79,237,4,0,east,0,False
emergency,76,east,74,222,2,5,east,0,False
emergency,76,south,77,231,4,0,east,0,False
emergency,76,west,74,222,3,0,east,0,False
emergency,77,north,77,231,3,5,north,0,False
emergency,77,east,79,237,5,0,north,0,False
emergency,77,south,81,243,4,0,north,0,False
emergency,77,west,77,231,3,0,north,0,False
emergency,78,north,81,243,4,0,south,0,False
emergency,78,east,81,243,2,0,south,0,False
emergency,78,south,79,237,3,5,south,0,False
emergency,78,west,77,231,0,0,south,0,False
emergency,79,north,77,231,1,5,north,0,False
emergency,79,east,82,246,1,0,north,0,False
emergency,79,south,80,240,1,0,north,0,False
emergency,79,west,79,237,2,0,north,0,False
emergency,80,north,78,234,1,0,east,0,False
emergency,80,east,78,234,1,5,east,0,False
emergency,80,south,85,255,5,0,east,0,False
emergency,80,west,81,243,2,0,east,0,False
emergency,81,north,80,240,2,0,south,0,False
emergency,81,east,80,240,2,0,south,0,False
emergency,81,south,81,243,1,5,south,0,False
emergency,81,west,85,255,4,0,south,0,False
emergency,82,north,81,243,1,0,west,0,False
emergency,82,east,82,246,2,0,west,0,False
emergency,82,south,83,249,2,0,west,0,False
emergency,82,west,80,240,0,5,west,0,False
emergency,83,north,83,249,2,0,south,0,False
emergency,83,east,84,252,2,0,south,0,False
emergency,83,south,81,243,3,5,south,0,False
emergency,83,west,83,249,3,0,south,0,False
emergency,84,north,86,258,3,0,east,0,False
emergency,84,east,81,243,2,5,east,0,False
emergency,84,south,85,255,4,0,east,0,False
emergency,84,west,87,261,4,0,east,0,False
emergency,85,north,89,267,3,0,west,0,False
emergency,85,east,84,252,3,0,west,0,False
emergency,85,south,89,267,4,0,west,0,False
emergency,85,west,83,249,1,5,west,0,False
emergency,86,north,90,270,1,0,south,0,False
emergency,86,east,85,255,1,0,south,0,False
emergency,86,south,87,261,3,5,south,0,False
emergency,86,west,84,252,1,0,south,0,False
emergency,87,north,92,276,7,5,north,0,False
emergency,87,east,89,267,4,0,north,0,False
emergency,87,south,88,264,1,0,north,0,False
emergency,87,west,87,261,3,0,north,0,False
emergency,88,north,90,270,3,5,north,0,False
emergency,88,east,93,279,4,0,north,0,False
emergency,88,south,88,264,0,0,north,0,False
emergency,88,west,92,276,5,0,north,0,False
emergency,89,north,92,276,2,0,east,0,False
emergency,89,east,89,267,1,5,east,0,False
emergency,89,south,93,279,5,0,east,0,False
emergency,89,west,94,282,2,0,east,0,False
emergency,90,north,93,279,1,0,west,0,False
emergency,90,east,93,279,4,0,west,0,False
emergency,90,south,95,285,2,0,west,0,False
emergency,90,west,93,279,4,5,west,0,False
emergency,91,north,95,285,2,0,south,0,False
emergency,91,east,94,282,1,0,south,0,False
emergency,91,south,93,279,3,5,south,0,False
emergency,91,west,94,282,1,0,south,0,False
emergency,92,north,92,276,2,5,north,0,False
emergency,92,east,95,285,1,0,north,0,False
emergency,92,south,94,282,1,0,north,0,False
emergency,92,west,96,288,2,0,north,0,False
emergency,93,north,94,282,2,0,west,0,False
emergency,93,east,98,294,3,0,west,0,False
emergency,93,south,98,294,4,0,west,0,False
emergency,93,west,91,273,0,5,west,0,False
emergency,94,north,100,300,6,0,south,0,False
emergency,94,east,100,300,2,0,south,0,False
emergency,94,south,96,288,3,5,south,0,False
emergency,94,west,92,276,1,0,south,0,False
emergency,95,north,99,297,4,5,north,0,False
emergency,95,east,105,315,5,0,north,0,False
emergency,95,south,98,294,2,0,north,0,False
emergency,95,west,93,279,1,0,north,0,False
emergency,96,north,103,309,4,0,east,0,False
emergency,96,east,103,309,3,5,east,0,False
emergency,96,south,100,300,2,0,east,0,False
emergency,96,west,94,282,1,0,east,0,False
emergency,97,north,102,306,4,5,north,0,False
emergency,97,east,104,312,1,0,north,0,False
emergency,97,south,102,306,2,0,north,0,False
emergency,97,west,95,285,1,0,north,0,False
emergency,98,north,103,309,1,0,east,0,False
emergency,98,east,102,306,3,5,east,0,False
emergency,98,south,107,321,5,0,east,0,False
emergency,98,west,95,285,0,0,east,0,False
emergency,99,north,104,312,1,0,south,0,False
emergency,99,east,105,315,3,0,south,0,False
emergency,99,south,103,309,1,5,south,0,False
emergency,99,west,98,294,3,0,south,0,False
emergency,100,north,106,318,2,0,east,0,False
emergency,100,east,101,303,1,5,east,0,False
emergency,100,south,107,321,4,0,east,0,False
emergency,100,west,98,294,0,0,east,0,False
emergency,101,north,108,324,2,0,south,0,False
emergency,101,east,103,309,2,0,south,0,False
emergency,101,south,103,309,1,5,south,0,False
emergency,101,west,99,297,1,0,south,0,False
emergency,102,north,104,312,1,5,north,0,False
emergency,102,east,108,324,5,0,north,0,False
emergency,102,south,105,315,2,0,north,0,False
emergency,102,west,103,309,4,0,north,0,False
emergency,103,north,107,321,3,0,east,0,False
emergency,103,east,103,309,0,5,east,0,False
emergency,103,south,106,318,1,0,east,0,False
emergency,103,west,104,312,1,0,east,0,False
emergency,104,north,109,327,7,5,north,0,False
emergency,104,east,103,309,0,0,north,0,False
emergency,104,south,109,327,3,0,north,0,False
emergency,104,west,104,312,0,0,north,0,False
emergency,105,north,111,333,2,0,south,0,False
emergency,105,east,104,312,1,0,south,0,False
emergency,105,south,108,324,4,5,south,0,False
emergency,105,west,107,321,3,0,south,0,False
emergency,106,north,107,321,1,5,north,0,False
emergency,106,east,108,324,4,0,north,0,False
emergency,106,south,109,327,1,0,north,0,False
emergency,106,west,109,327,2,0,north,0,False
emergency,107,north,111,333,4,0,south,0,False
emergency,107,east,111,333,3,0,south,0,False
emergency,107,south,108,324,4,5,south,0,False
emergency,107,west,111,333,2,0,south,0,False
emergency,108,north,109,327,3,5,north,0,False
emergency,108,east,112,336,1,0,north,0,False
emergency,108,south,111,333,3,0,north,0,False
emergency,108,west,113,339,2,0,north,0,False
emergency,109,north,113,339,4,0,west,0,False
emergency,109,east,113,339,1,0,west,0,False
emergency,109,south,113,339,2,0,west,0,False
emergency,109,west,110,330,2,5,west,0,False
emergency,110,north,118,354,5,0,south,0,False
emergency,110,east,114,342,1,0,south,0,False
emergency,110,south,109,327,1,5,south,0,False
emergency,110,west,111,333,1,0,south,0,False
emergency,111,north,116,348,3,5,north,0,False
emergency,111,east,116,348,2,0,north,0,False
emergency,111,south,114,342,5,0,north,0,False
emergency,111,west,112,336,1,0,north,0,False
emergency,112,north,113,339,2,5,north,0,False
emergency,112,east,118,354,2,0,north,0,False
emergency,112,south,116,348,2,0,north,0,False
emergency,112,west,115,345,3,0,north,0,False
emergency,113,north,114,342,1,0,east,0,False
emergency,113,east,116,348,3,5,east,0,False
emergency,113,south,117,351,1,0,east,0,False
emergency,113,west,116,348,1,0,east,0,False
emergency,114,north,115,345,1,0,south,0,False
emergency,114,east,117,351,1,0,south,0,False
emergency,114,south,114,342,2,5,south,0,False
emergency,114,west,117,351,1,0,south,0,False
emergency,115,north,117,351,2,0,east,0,False
emergency,115,east,113,339,1,5,east,0,False
emergency,115,south,121,363,7,0,east,0,False
emergency,115,west,121,363,4,0,east,0,False
emergency,116,north,121,363,4,0,south,0,False
emergency,116,east,113,339,0,0,south,0,False
emergency,116,south,118,354,2,5,south,0,False
emergency,116,west,126,378,5,0,south,0,False
emergency,117,north,124,372,3,0,west,0,False
emergency,117,east,113,339,0,0,west,0,False
emergency,117,south,119,357,1,0,west,0,False
emergency,117,west,126,378,5,5,west,0,False
emergency,118,north,125,375,1,0,west,0,False
emergency,118,east,116,348,3,0,west,0,False
emergency,118,south,119,357,0,0,west,0,False
emergency,118,west,124,372,3,5,west,0,False
emergency,119,north,123,369,3,5,north,0,False
emergency,119,east,117,351,1,0,north,0,False
emergency,119,south,121,363,2,0,north,0,False
emergency,119,west,124,372,0,0,north,0,False
accident,0,north,0,0,4,4,north,0,False
accident,0,east,4,12,4,0,north,0,False
accident,0,south,3,9,3,0,north,0,False
accident,0,west,4,12,4,0,north,0,False
accident,1,north,3,9,3,0,east,0,False
accident,1,east,3,9,4,5,east,0,False
accident,1,south,9,27,6,0,east,0,False
accident,1,west,8,24,4,0,east,0,False
accident,2,north,4,12,1,0,south,0,False
accident,2,east,5,15,2,0,south,0,False
accident,2,south,5,15,1,5,south,0,False
accident,2,west,11,33,3,0,south,0,False
accident,3,north,7,21,3,0,west,0,False
accident,3,east,7,21,2,0,west,0,False
accident,3,south,8,24,3,0,west,0,False
accident,3,west,6,18,0,5,west,0,False
accident,4,north,11,33,4,0,south,0,False
accident,4,east,11,33,4,0,south,0,False
accident,4,south,10,30,7,5,south,0,False
accident,4,west,8,24,2,0,south,0,False
accident,5,north,8,24,2,5,north,0,False
accident,5,east,13,39,2,0,north,0,False
accident,5,south,12,36,2,0,north,0,False
accident,5,west,11,33,3,0,north,0,False
accident,6,north,12,36,4,0,east,0,False
accident,6,east,9,27,1,5,east,0,False
accident,6,south,15,45,3,0,east,0,False
accident,6,west,12,36,1,0,east,0,False
accident,7,north,17,51,5,0,south,0,False
accident,7,east,9,27,0,0,south,0,False
accident,7,south,12,36,2,5,south,0,False
accident,7,west,16,48,4,0,south,0,False
accident,8,north,15,45,3,5,north,0,False
accident,8,east,13,39,4,0,north,0,False
accident,8,south,12,36,0,0,north,0,False
accident,8,west,21,63,5,0,north,0,False
accident,9,north,18,54,3,0,west,0,False
accident,9,east,16,48,3,0,west,0,False
accident,9,south,16,48,4,0,west,0,False
accident,9,west,19,57,3,5,west,0,False
accident,10,north,22,66,4,0,west,0,False
accident,10,east,20,60,4,0,west,0,False
accident,10,south,21,63,5,0,west,0,False
accident,10,west,16,48,2,5,west,0,False
accident,11,north,19,57,2,5,north,0,False
accident,11,east,22,66,2,0,north,0,False
accident,11,south,24,72,3,0,north,0,False
accident,11,west,17,51,1,0,north,0,False
accident,12,north,23,69,4,0,south,0,False
accident,12,east,24,72,2,0,south,0,False
accident,12,south,24,72,5,5,south,0,False
accident,12,west,21,63,4,0,south,0,False
accident,13,north,28,84,5,0,south,0,False
accident,13,east,24,72,0,0,south,0,False
accident,13,south,23,69,4,5,south,0,False
accident,13,west,25,75,4,0,south,0,False
accident,14,north,25,75,2,5,north,0,False
accident,14,east,27,81,3,0,north,0,False
accident,14,south,27,81,4,0,north,0,False
accident,14,west,25,75,0,0,north,0,False
accident,15,north,27,81,2,0,south,0,False
accident,15,east,34,102,7,0,south,0,False
accident,15,south,24,72,2,5,south,0,False
accident,15,west,27,81,2,0,south,0,False
accident,16,north,30,90,3,0,east,0,False
accident,16,east,31,93,2,5,east,0,False
accident,16,south,26,78,2,0,east,0,False
accident,16,west,31,93,4,0,east,0,False
accident,17,north,31,93,1,0,east,0,False
accident,17,east,26,78,0,5,east,0,False
accident,17,south,26,78,0,0,east,0,False
accident,17,west,37,111,6,0,east,0,False
accident,18,north,32,96,1,0,west,0,False
accident,18,east,27,81,1,0,west,0,False
accident,18,south,28,84,2,0,west,0,False
accident,18,west,34,102,2,5,west,0,False
accident,19,north,34,102,2,0,west,0,False
accident,19,east,30,90,3,0,west,0,False
accident,19,south,32,96,4,0,west,0,False
accident,19,west,31,93,2,5,west,0,False
accident,20,north,33,99,4,5,north,0,False
accident,20,east,32,96,2,0,north,0,False
accident,20,south,33,99,1,0,north,0,False
accident,20,west,35,105,4,0,north,0,False
accident,21,north,37,111,4,0,west,0,False
accident,21,east,37,111,5,0,west,0,False
accident,21,south,34,102,1,0,west,0,False
accident,21,west,34,102,4,5,west,0,False
accident,22,north,36,108,4,5,north,0,False
accident,22,east,40,120,3,0,north,0,False
accident,22,south,36,108,2,0,north,0,False
accident,22,west,37,111,3,0,north,0,False
accident,23,north,36,108,0,0,east,0,False
accident,23,east,36,108,1,5,east,0,False
accident,23,south,37,111,1,0,east,0,False
accident,23,west,40,120,3,0,east,0,False
accident,24,north,40,120,4,0,west,0,False
accident,24,east,38,114,2,0,west,0,False
accident,24,south,39,117,2,0,west,0,False
accident,24,west,36,108,1,5,west,0,False
accident,25,north,37,111,2,5,north,0,False
accident,25,east,39,117,1,0,north,0,False
accident,25,south,40,120,1,0,north,0,False
accident,25,west,38,114,2,0,north,0,False
accident,26,north,38,114,1,0,south,0,False
accident,26,east,43,129,4,0,south,0,False
accident,26,south,40,120,5,5,south,0,False
accident,26,west,39,117,1,0,south,0,False
accident,27,north,41,123,3,0,east,0,False
accident,27,east,40,120,2,5,east,0,False
accident,27,south,43,129,3,0,east,0,False
accident,27,west,39,117,0,0,east,0,False
accident,28,north,42,126,1,0,south,0,False
accident,28,east,44,132,4,0,south,0,False
accident,28,south,41,123,3,5,south,0,False
accident,28,west,40,120,1,0,south,0,False
accident,29,north,45,135,3,0,east,0,False
accident,29,east,40,120,1,5,east,0,False
accident,29,south,43,129,2,0,east,0,False
accident,29,west,42,126,2,0,east,0,False
accident,30,north,45,135,5,5,north,0,False
accident,30,east,43,129,3,0,north,0,False
accident,30,south,52,156,9,0,north,0,False
accident,30,west,45,135,3,0,north,0,False
accident,31,north,42,126,2,5,north,0,False
accident,31,east,44,132,1,0,north,0,False
accident,31,south,60,180,8,0,north,0,False
accident,31,west,47,141,2,0,north,0,False
accident,32,north,44,132,2,0,west,0,False
accident,32,east,45,135,1,0,west,0,False
accident,32,south,61,183,1,0,west,0,False
accident,32,west,44,132,2,5,west,0,False
accident,33,north,48,144,4,0,east,0,False
accident,33,east,42,126,2,5,east,0,False
accident,33,south,63,189,2,0,east,0,True
accident,33,west,44,132,0,0,east,0,False
accident,34,north,49,147,6,5,north,0,False
accident,34,east,43,129,1,0,north,0,False
accident,34,south,65,195,2,0,north,0,True
accident,34,west,46,138,2,0,north,0,False
accident,35,north,47,141,3,5,north,0,False
accident,35,east,44,132,1,0,north,0,False
accident,35,south,69,207,4,0,north,0,True
accident,35,west,46,138,0,0,north,0,False
accident,36,north,43,129,1,5,north,0,False
accident,36,east,47,141,3,0,north,0,False
accident,36,south,71,213,2,0,north,0,True
accident,36,west,48,144,2,0,north,0,False
accident,37,north,46,138,3,0,west,0,False
accident,37,east,48,144,1,0,west,0,False
accident,37,south,73,219,2,0,west,0,True
accident,37,west,45,135,2,5,west,0,False
accident,38,north,48,144,2,0,east,0,False
accident,38,east,45,135,2,5,east,0,False
accident,38,south,76,228,3,0,east,0,True
accident,38,west,48,144,3,0,east,0,False
accident,39,north,43,129,0,5,north,0,False
accident,39,east,47,141,2,0,north,0,False
accident,39,south,79,237,3,0,north,0,True
accident,39,west,50,150,2,0,north,0,False
accident,40,north,45,135,2,0,west,0,False
accident,40,east,49,147,2,0,west,0,False
accident,40,south,80,240,1,0,west,0,True
accident,40,west,46,138,1,5,west,0,False
accident,41,north,48,144,3,0,east,0,False
accident,41,east,49,147,5,5,east,0,False
accident,41,south,84,252,4,0,east,0,True
accident,41,west,50,150,4,0,east,0,False
accident,42,north,49,147,1,0,west,0,False
accident,42,east,54,162,5,0,west,0,False
accident,42,south,87,261,3,0,west,0,True
accident,42,west,46,138,1,5,west,0,False
accident,43,north,52,156,3,0,east,0,False
accident,43,east,52,156,3,5,east,0,False
accident,43,south,89,267,2,0,east,0,True
accident,43,west,48,144,2,0,east,0,False
accident,44,north,48,144,1,5,north,0,False
accident,44,east,54,162,2,0,north,0,False
accident,44,south,89,267,0,0,north,0,True
accident,44,west,51,153,3,0,north,0,False
accident,45,north,51,153,3,0,east,0,False
accident,45,east,51,153,2,5,east,0,False
accident,45,south,90,270,1,0,east,0,True
accident,45,west,51,153,0,0,east,0,False
accident,46,north,48,144,2,5,north,0,False
accident,46,east,54,162,3,0,north,0,False
accident,46,south,95,285,5,0,north,0,True
accident,46,west,54,162,3,0,north,0,False
accident,47,north,51,153,3,0,east,0,False
accident,47,east,50,150,1,5,east,0,False
accident,47,south,99,297,4,0,east,0,True
accident,47,west,58,174,4,0,east,0,False
accident,48,north,53,159,2,0,west,0,False
accident,48,east,50,150,0,0,west,0,False
accident,48,south,103,309,4,0,west,0,True
accident,48,west,55,165,2,5,west,0,False
accident,49,north,55,165,2,0,west,0,False
accident,49,east,54,162,4,0,west,0,False
accident,49,south,105,315,2,0,west,0,True
accident,49,west,52,156,2,5,west,0,False
accident,50,north,50,150,0,5,north,0,False
accident,50,east,54,162,0,0,north,0,False
accident,50,south,108,324,3,0,north,0,True
accident,50,west,58,174,6,0,north,0,False
accident,51,north,51,153,1,0,west,0,False
accident,51,east,55,165,1,0,west,0,False
accident,51,south,111,333,3,0,west,0,True
accident,51,west,56,168,3,5,west,0,False
accident,52,north,52,156,1,0,west,0,False
accident,52,east,57,171,2,0,west,0,False
accident,52,south,117,351,6,0,west,0,True
accident,52,west,54,162,3,5,west,0,False
accident,53,north,54,162,2,0,east,0,False
accident,53,east,55,165,3,5,east,0,False
accident,53,south,117,351,0,0,east,0,True
accident,53,west,55,165,1,0,east,0,False
accident,54,north,58,174,4,0,east,0,False
accident,54,east,54,162,4,5,east,0,False
accident,54,south,120,360,3,0,east,0,True
accident,54,west,57,171,2,0,east,0,False
accident,55,north,56,168,3,5,north,0,False
accident,55,east,55,165,1,0,north,0,False
accident,55,south,123,369,3,0,north,0,True
accident,55,west,61,183,4,0,north,0,False
accident,56,north,57,171,1,0,west,0,False
accident,56,east,57,171,2,0,west,0,False
accident,56,south,123,369,0,0,west,0,True
accident,56,west,57,171,1,5,west,0,False
accident,57,north,53,159,1,5,north,0,False
accident,57,east,60,180,3,0,north,0,False
accident,57,south,125,375,2,0,north,0,True
accident,57,west,61,183,4,0,north,0,False
accident,58,north,55,165,2,0,west,0,False
accident,58,east,61,183,1,0,west,0,False
accident,58,south,127,381,2,0,west,0,True
accident,58,west,59,177,3,5,west,0,False
accident,59,north,60,180,5,0,east,0,False
accident,59,east,63,189,7,5,east,0,False
accident,59,south,131,393,4,0,east,0,True
accident,59,west,60,180,1,0,east,0,False
accident,60,north,63,189,3,0,east,0,False
accident,60,east,61,183,3,5,east,0,False
accident,60,south,137,411,6,0,east,0,True
accident,60,west,65,195,5,0,east,0,False
accident,61,north,65,195,2,0,south,0,False
accident,61,east,64,192,3,0,south,0,False
accident,61,south,139,417,2,0,south,0,True
accident,61,west,68,204,3,0,south,0,False
accident,62,north,68,204,3,0,south,0,False
accident,62,east,67,201,3,0,south,0,False
accident,62,south,142,426,3,0,south,0,True
accident,62,west,71,213,3,0,south,0,False
accident,63,north,69,207,1,0,south,0,False
accident,63,east,68,204,1,0,south,0,False
accident,63,south,152,456,10,0,south,0,True
accident,63,west,72,216,1,0,south,0,False
accident,64,north,71,213,2,0,south,0,False
accident,64,east,70,210,2,0,south,0,False
accident,64,south,153,459,1,0,south,0,True
accident,64,west,73,219,1,0,south,0,False
accident,65,north,74,222,3,0,south,0,False
accident,65,east,73,219,3,0,south,0,False
accident,65,south,155,465,2,0,south,0,True
accident,65,west,77,231,4,0,south,0,False
accident,66,north,76,228,2,0,south,0,False
accident,66,east,75,225,2,0,south,0,False
accident,66,south,157,471,2,0,south,0,True
accident,66,west,78,234,1,0,south,0,False
accident,67,north,78,234,2,0,south,0,False
accident,67,east,79,237,4,0,south,0,False
accident,67,south,160,480,3,0,south,0,True
accident,67,west,81,243,3,0,south,0,False
accident,68,north,80,240,2,0,south,0,False
accident,68,east,83,249,4,0,south,0,False
accident,68,south,164,492,4,0,south,0,True
accident,68,west,85,255,4,0,south,0,False
accident,69,north,82,246,2,0,south,0,False
accident,69,east,85,255,2,0,south,0,False
accident,69,south,170,510,6,0,south,0,True
accident,69,west,88,264,3,0,south,0,False
accident,70,north,85,255,3,0,south,0,False
accident,70,east,89,267,4,0,south,0,False
accident,70,south,172,516,2,0,south,0,True
accident,70,west,91,273,3,0,south,0,False
accident,71,north,85,255,0,0,south,0,False
accident,71,east,90,270,1,0,south,0,False
accident,71,south,174,522,2,0,south,0,True
accident,71,west,91,273,0,0,south,0,False
accident,72,north,88,264,3,0,south,0,False
accident,72,east,91,273,1,0,south,0,False
accident,72,south,174,522,5,5,south,0,False
accident,72,west,93,279,2,0,south,0,False
accident,73,north,91,273,3,0,south,0,False
accident,73,east,93,279,2,0,south,0,False
accident,73,south,170,510,1,5,south,0,False
accident,73,west,97,291,4,0,south,0,False
accident,74,north,92,276,1,0,south,0,False
accident,74,east,95,285,2,0,south,0,False
accident,74,south,168,504,3,5,south,0,False
accident,74,west,99,297,2,0,south,0,False
accident,75,north,95,285,3,0,south,0,False
accident,75,east,97,291,2,0,south,0,False
accident,75,south,168,504,5,5,south,0,False
accident,75,west,100,300,1,0,south,0,False
accident,76,north,97,291,2,0,south,0,False
accident,76,east,101,303,4,0,south,0,False
accident,76,south,168,504,5,5,south,0,False
accident,76,west,103,309,3,0,south,0,False
accident,77,north,101,303,4,0,south,0,False
accident,77,east,105,315,4,0,south,0,False
accident,77,south,164,492,1,5,south,0,False
accident,77,west,106,318,3,0,south,0,False
accident,78,north,102,306,1,0,south,0,False
accident,78,east,106,318,1,0,south,0,False
accident,78,south,168,504,9,5,south,0,False
accident,78,west,109,327,3,0,south,0,False
accident,79,north,105,315,3,0,south,0,False
accident,79,east,108,324,2,0,south,0,False
accident,79,south,168,504,5,5,south,0,False
accident,79,west,110,330,1,0,south,0,False
accident,80,north,111,333,6,0,south,0,False
accident,80,east,111,333,3,0,south,0,False
accident,80,south,168,504,5,5,south,0,False
accident,80,west,112,336,2,0,south,0,False
accident,81,north,112,336,1,0,south,0,False
accident,81,east,116,348,5,0,south,0,False
accident,81,south,164,492,1,5,south,0,False
accident,81,west,116,348,4,0,south,0,False
accident,82,north,114,342,2,0,south,0,False
accident,82,east,118,354,2,0,south,0,False
accident,82,south,161,483,2,5,south,0,False
accident,82,west,118,354,2,0,south,0,False
accident,83,north,116,348,2,0,south,0,False
accident,83,east,119,357,1,0,south,0,False
accident,83,south,158,474,2,5,south,0,False
accident,83,west,119,357,1,0,south,0,False
accident,84,north,120,360,4,0,south,0,False
accident,84,east,121,363,2,0,south,0,False
accident,84,south,156,468,3,5,south,0,False
accident,84,west,125,375,6,0,south,0,False
accident,85,north,122,366,2,0,south,0,False
accident,85,east,124,372,3,0,south,0,False
accident,85,south,152,456,1,5,south,0,False
accident,85,west,129,387,4,0,south,0,False
accident,86,north,127,381,5,0,south,0,False
accident,86,east,126,378,2,0,south,0,False
accident,86,south,148,444,1,5,south,0,False
accident,86,west,133,399,4,0,south,0,False
accident,87,north,130,390,3,0,south,0,False
accident,87,east,128,384,2,0,south,0,False
accident,87,south,146,438,3,5,south,0,False
accident,87,west,137,411,4,0,south,0,False
accident,88,north,132,396,2,0,south,0,False
accident,88,east,130,390,2,0,south,0,False
accident,88,south,145,435,4,5,south,0,False
accident,88,west,141,423,4,0,south,0,False
accident,89,north,133,399,1,0,south,0,False
accident,89,east,131,393,1,0,south,0,False
accident,89,south,144,432,4,5,south,0,False
accident,89,west,145,435,4,0,south,0,False
accident,90,north,135,405,2,0,west,0,False
accident,90,east,133,399,2,0,west,0,False
accident,90,south,147,441,3,0,west,0,False
accident,90,west,140,420,0,5,west,0,False
accident,91,north,137,411,2,0,south,0,False
accident,91,east,135,405,2,0,south,0,False
accident,91,south,143,429,1,5,south,0,False
accident,91,west,141,423,1,0,south,0,False
accident,92,north,138,414,1,0,south,0,False
accident,92,east,141,423,6,0,south,0,False
accident,92,south,144,432,6,5,south,0,False
accident,92,west,144,432,3,0,south,0,False
accident,93,north,139,417,1,0,south,0,False
accident,93,east,141,423,0,0,south,0,False
accident,93,south,140,420,1,5,south,0,False
accident,93,west,150,450,6,0,south,0,False
accident,94,north,140,420,1,0,west,0,False
accident,94,east,144,432,3,0,west,0,False
accident,94,south,141,423,1,0,west,0,False
accident,94,west,147,441,2,5,west,0,False
accident,95,north,146,438,6,0,west,0,False
accident,95,east,147,441,3,0,west,0,False
accident,95,south,142,426,1,0,west,0,False
accident,95,west,145,435,3,5,west,0,False
accident,96,north,147,441,1,0,east,0,False
accident,96,east,145,435,3,5,east,0,False
accident,96,south,147,441,5,0,east,0,False
accident,96,west,148,444,3,0,east,0,False
accident,97,north,151,453,4,0,west,0,False
accident,97,east,149,447,4,0,west,0,False
accident,97,south,148,444,1,0,west,0,False
accident,97,west,146,438,3,5,west,0,False
accident,98,north,150,450,4,5,north,0,False
accident,98,east,153,459,4,0,north,0,False
accident,98,south,150,450,2,0,north,0,False
accident,98,west,148,444,2,0,north,0,False
accident,99,north,156,468,6,0,east,0,False
accident,99,east,149,447,1,5,east,0,False
accident,99,south,150,450,0,0,east,0,False
accident,99,west,149,447,1,0,east,0,False
accident,100,north,156,468,5,5,north,0,False
accident,100,east,151,453,2,0,north,0,False
accident,100,south,155,465,5,0,north,0,False
accident,100,west,151,453,2,0,north,0,False
accident,101,north,153,459,2,5,north,0,False
accident,101,east,153,459,2,0,north,0,False
accident,101,south,159,477,4,0,north,0,False
accident,101,west,153,459,2,0,north,0,False
accident,102,north,156,468,3,0,south,0,False
accident,102,east,155,465,2,0,south,0,False
accident,102,south,155,465,1,5,south,0,False
accident,102,west,155,465,2,0,south,0,False
accident,103,north,153,459,2,5,north,0,False
accident,103,east,157,471,2,0,north,0,False
accident,103,south,159,477,4,0,north,0,False
accident,103,west,159,477,4,0,north,0,False
accident,104,north,159,477,6,0,south,0,False
accident,104,east,159,477,2,0,south,0,False
accident,104,south,154,462,0,5,south,0,False
accident,104,west,161,483,2,0,south,0,False
accident,105,north,165,495,6,0,west,0,False
accident,105,east,162,486,3,0,west,0,False
accident,105,south,155,465,1,0,west,0,False
accident,105,west,161,483,5,5,west,0,False
accident,106,north,161,483,1,5,north,0,False
accident,106,east,165,495,3,0,north,0,False
accident,106,south,157,471,2,0,north,0,False
accident,106,west,162,486,1,0,north,0,False
accident,107,north,164,492,3,0,east,0,False
accident,107,east,162,486,2,5,east,0,False
accident,107,south,159,477,2,0,east,0,False
accident,107,west,167,501,5,0,east,0,False
accident,108,north,166,498,2,0,west,0,False
accident,108,east,165,495,3,0,west,0,False
accident,108,south,162,486,3,0,west,0,False
accident,108,west,165,495,3,5,west,0,False
accident,109,north,165,495,4,5,north,0,False
accident,109,east,169,507,4,0,north,0,False
accident,109,south,163,489,1,0,north,0,False
accident,109,west,166,498,1,0,north,0,False
accident,110,north,169,507,4,0,east,0,False
accident,110,east,168,504,4,5,east,0,False
accident,110,south,165,495,2,0,east,0,False
accident,110,west,171,513,5,0,east,0,False
accident,111,north,173,519,4,0,west,0,False
accident,111,east,171,513,3,0,west,0,False
accident,111,south,168,504,3,0,west,0,False
accident,111,west,168,504,2,5,west,0,False
accident,112,north,170,510,2,5,north,0,False
accident,112,east,173,519,2,0,north,0,False
accident,112,south,171,513,3,0,north,0,False
accident,112,west,168,504,0,0,north,0,False
accident,113,north,173,519,3,0,east,0,False
accident,113,east,171,513,3,5,east,0,False
accident,113,south,173,519,2,0,east,0,False
accident,113,west,174,522,6,0,east,0,False
accident,114,north,173,519,0,0,west,0,False
accident,114,east,171,513,0,0,west,0,False
accident,114,south,175,525,2,0,west,0,False
accident,114,west,174,522,5,5,west,0,False
accident,115,north,175,525,2,0,south,0,False
accident,115,east,171,513,0,0,south,0,False
accident,115,south,172,516,2,5,south,0,False
accident,115,west,174,522,0,0,south,0,False
accident,116,north,173,519,3,5,north,0,False
accident,116,east,173,519,2,0,north,0,False
accident,116,south,179,537,7,0,north,0,False
accident,116,west,175,525,1,0,north,0,False
accident,117,north,174,522,1,0,south,0,False
accident,117,east,174,522,1,0,south,0,False
accident,117,south,179,537,5,5,south,0,False
accident,117,west,178,534,3,0,south,0,False
accident,118,north,175,525,1,0,south,0,False
accident,118,east,176,528,2,0,south,0,False
accident,118,south,178,534,4,5,south,0,False
accident,118,west,178,534,0,0,south,0,False
accident,119,north,175,525,0,0,south,0,False
accident,119,east,177,531,1,0,south,0,False
accident,119,south,174,522,1,5,south,0,False
accident,119,west,179,537,1,0,south,0,False
